TEAM_ABBREVIATION,MIN,FGM,FGA,FG_PCT,FG3M,FG3A,FG3_PCT,FTM,FTA,FT_PCT,OREB,DREB,REB,AST,TOV,STL,BLK,BLKA,PF,PFD,PTS,PLUS_MINUS,NBA_FANTASY_PTS,DD2,TD3,WNBA_FANTASY_PTS,GP_RANK,W_RANK,L_RANK,W_PCT_RANK,MIN_RANK,FGM_RANK,FGA_RANK,FG_PCT_RANK,FG3M_RANK,FG3A_RANK,FG3_PCT_RANK,FTM_RANK,FTA_RANK,FT_PCT_RANK,OREB_RANK,DREB_RANK,REB_RANK,AST_RANK,TOV_RANK,STL_RANK,BLK_RANK,BLKA_RANK,PF_RANK,PFD_RANK,PTS_RANK,PLUS_MINUS_RANK,NBA_FANTASY_PTS_RANK,DD2_RANK,TD3_RANK,WNBA_FANTASY_PTS_RANK,AVAILABLE_FLAG,GAME_TIMESTAMP,WEIGHTS,PLAYER_ID,W,L,PCT,CONF_RANK,DIV_RANK
ATL,19.533472925105304,3.2044919388468864,7.418481051524488,0.38403416968405313,1.0323318080906243,3.1304067067506347,0.21968923603815066,1.4523072841928055,1.823699750602095,0.3783688924994455,0.9340918715845064,2.654158641895491,3.5882505134799976,2.2529390721620635,1.1496504863850492,0.6297162233746301,0.3740645191939297,0.5019765174068732,1.4994033892359664,1.4863765916149396,8.893622969977203,-1.6482877476196787,18.440623935716925,0.10705560995070773,0.00232358818068945,17.774705848847006,1.0,4796.678386243629,4796.678386243629,4796.678386243629,9599.918686762288,8632.511384643474,8880.474220659087,8609.045296067678,6159.373777479037,7515.5903638439395,6583.106354731497,6144.308618131934,6423.454899367067,5987.862573916476,5866.949086771716,8255.147414694256,8516.290641825051,7970.440890980091,6842.285327355821,5496.239253561994,4278.352012980797,3781.3486964052945,4835.023617995848,7379.559114642255,9029.14331156742,8471.020682085087,9667.309712383489,1235.428655028652,86.92376552223136,9494.554391508811,1.0,1721342814.3398438,0.05828705247186193,1417756.9,14,13,0.519,7,3
BOS,19.552107955323912,3.212365444093473,7.0423396880702835,0.36645237430193706,1.3562701369207035,3.7697251915503855,0.23200908876609874,1.3715922241259682,1.7383517019653705,0.3452184325053158,0.8994881014523008,2.8244241909573056,3.723912292409606,1.960113182922237,0.9380827047789213,0.6117882789148067,0.4968131213602004,0.3078485220851055,1.3819785512273632,1.5305366575280694,9.152593249233616,3.5587051449086875,18.949179270554602,0.04872202119634702,0.00039170112869358893,18.41009166203618,1.0,1300.7888701219906,1300.7888701219906,1300.7888701219906,7193.653331446367,6465.009185444688,6948.424389328682,6442.786857109301,4553.206365665932,5656.873948168059,5064.673279734228,4828.611993833492,5006.069934974393,4727.1857442967175,4222.180039957991,5823.419586783939,5878.22434547115,5870.80690059748,5356.181883238223,4179.42933008831,3055.5928440247912,2142.7924584985053,3970.869563978001,5585.357723454796,6747.5714478187965,4920.828930421489,6942.290066014657,1004.3109239565731,70.7027090416284,6864.943741021244,1.0,1725953374.4247415,0.06016458869676571,1393070.0555555555,20,5,0.8,2,1
CLE,18.17999052669002,3.055259980795295,6.378367940767609,0.40080322708619437,1.0897982415131706,2.8765251654688893,0.2362715448667197,1.060937327933095,1.4307825676135502,0.31356677182991716,0.7012411772986227,2.452341710148697,3.15358288744732,2.0112522423814427,0.9265156187940733,0.596279153368925,0.32817990855422824,0.3577435174274778,1.369907465913734,1.2996186574410566,8.261255531036856,1.6022544215231602,16.90929492652119,0.07148280787482901,0.00146469248334903,16.364807026225094,1.0,3184.7132077940823,3184.7132077940823,3184.7132077940823,9853.50626591897,8634.466671027587,9273.56418253549,8266.770524857564,6142.780158231406,7902.532648642666,6501.977966976107,6499.6188180007,6674.712426024809,6218.398317007483,6089.490440799687,8406.238622299767,8820.420307946193,7775.110486786539,6759.445247023764,5475.149989405939,4252.83229179393,2728.0518281207296,4425.786512646336,7397.072286754684,9133.847541568084,7619.3836722528895,9857.532656836986,1245.0829527351048,85.13621670564225,9670.726205891759,1.0235269845918336,1722151585.2984486,0.05318300953524228,1488701.7,22,4,0.846,1,1
NOP,18.546848664046394,3.279634510542756,7.241495771940758,0.36374504890817844,0.8328048353704987,2.4752598142498208,0.1746077193023023,1.221603021759284,1.5920115587027437,0.3465679103964798,1.002917379902332,2.3669230512002124,3.3698404311025443,1.9810736133009255,1.121883886400288,0.7278166011404784,0.377844817510502,0.5304971905668413,1.3829785969845392,1.3569706096029859,8.613676878215294,-1.747407741470046,17.82419618504239,0.052325598745945695,0.00014507029130325218,17.008718595291224,1.0,3700.45801318616,3700.45801318616,3700.45801318616,9717.421958365363,8485.792175609598,8702.937676879068,8523.738011615076,6683.103700572158,8446.531291737456,6904.297967000387,6052.744608053136,6314.435268380405,5840.525341506826,5298.058347822436,8116.422337010212,8222.147086117098,7721.240555102258,6674.176651194805,5179.647946413607,4054.727340103494,4176.417365429833,4032.882575862627,7309.038746171446,9004.730506619164,7264.9575917468055,9488.968711915557,1223.5423944248644,82.82030913700524,9429.878615521815,1.0025832826066614,1722066130.1606803,0.19005031705115677,1383499.7391304348,5,21,0.192,15,5
CHI,18.65059293578637,3.0506210366512847,6.609650813849818,0.3852873861358239,1.0243606047239624,2.866309454014325,0.23928136339627906,1.18033418655792,1.4801714851251684,0.3424127196729992,0.7611304936700195,2.4347555738945936,3.1958860675646132,1.8063549083324861,0.9690977922483454,0.7231488445576433,0.37448712932880224,0.37429123684013565,1.460407954446786,1.2386343934911803,8.305936864584451,-1.0220578928039532,17.17434263757171,0.0491386311472149,0.0018390137048269548,16.527810392978402,1.0,3844.607105584266,3844.607105584266,3844.607105584266,9150.967655454777,8199.71642146502,8677.918604838538,7749.964134445853,5871.9319858626495,7369.048521914822,6047.723751829967,5906.474458826033,6145.415128368438,5675.382968716652,5537.360768071969,7936.955485406732,8228.77751363135,7415.985325142843,6296.8229282605025,4804.008415326294,3747.465500448173,2736.913165413759,4352.9919371334245,7107.079246182706,8628.827580394513,7116.606685030679,9089.547883483594,1151.954403187494,79.03861657419634,9006.318357497761,1.0,1724181563.9926445,0.0662294609122663,1347355.45,11,15,0.423,9,4
DAL,17.127816890682066,2.908414999040553,6.035150837065652,0.40443418158723893,0.8461656461660614,2.329292968899025,0.20643361262601284,1.1360290600243297,1.5475686266029978,0.3202368871410086,0.8041144370305939,2.395134453404549,3.1992488904351433,1.6631544899314696,0.9473335845626899,0.5482467814243329,0.41140021435114466,0.3300105481090828,1.3841545247433213,1.3587989063513672,7.799024704271497,0.3656474760358883,16.064462510454618,0.058713444218743804,0.00883406174861011,15.426887722355128,1.0,3410.6437270951865,3410.6437270951865,3410.6437270951865,10309.589103764094,8806.310026883977,9614.019025841499,7812.7490063702135,6650.024024552095,8542.078633827768,6715.191494605819,6314.162583117735,6435.427728190638,6245.3589322056005,5795.134813938892,8396.832244546715,8625.609054420258,8199.918137899916,6676.06530623781,5731.797503903039,4096.792556794346,2710.9617103381206,4241.817991090079,7236.8471480877515,9361.66546764888,7590.343247322706,10038.981914796805,1249.8669798482492,84.17557667290882,9928.64020172563,1.0154333547785204,1721694490.9392128,0.0755202996809696,1276109.75,16,9,0.64,4,3
DEN,16.505166735591875,2.8098312661128793,5.657712989988408,0.39901739329889613,0.8458219509313242,2.218797178127913,0.2616182067368691,1.0633847304554305,1.3878757109629252,0.3034882870781614,0.6600430443502182,2.1528452920784678,2.812888336428686,1.7746131204512086,0.809092830390134,0.5892682906557878,0.3507303019898944,0.30153426143253687,1.2687161556262851,1.1942573223132045,7.528869213612514,1.5281043522720503,15.577157845550662,0.059093805419101475,0.01922968675979674,14.842189806715098,1.0,2312.8569857510106,2312.8569857510106,2312.8569857510106,8483.76667051037,7413.75395482659,8149.048817919245,6426.70879648597,5350.013520259735,7094.644563546891,5180.3345998833165,5349.632862825587,5569.575820933624,5132.525312166683,5214.821210004354,7270.9561412966605,7687.718499364197,6629.561872597422,5936.090286887821,4484.906539801764,3483.25603716966,2067.304047254389,3717.347578796434,6394.550667538626,7832.801254417334,5871.970097646815,8396.174405385585,1033.191355393068,71.75865932704761,8317.142342301106,1.0,1725331574.7358105,0.08883314247970808,1224634.7142857143,13,10,0.565,6,2
GSW,15.971650463606016,2.662577057158187,5.942475047318612,0.3878620758700749,0.9297705836486885,2.6348112469321814,0.19593493067210327,0.9890375273019428,1.3486127699056099,0.31619873941903487,0.8941702802205006,2.2816503156364463,3.1758205958569468,2.1484146044570682,0.9857871121386864,0.5880194899616518,0.3393281807846364,0.38664348162423146,1.2514604271054897,1.1713351081526646,7.243962225267005,1.0163207697305352,16.073824747081122,0.040459180842953156,0.00021810275069282634,15.352663350722286,1.0,2366.973893706202,2366.973893706202,2366.973893706202,9085.065995309875,7664.173326262754,8202.771021609151,7215.683900499736,5634.3545644997,7220.234021977708,5847.143431675906,5499.451036153265,5667.4745284948385,5206.984270693461,4802.435890605161,7198.99415583847,7262.839729857893,6528.276667685372,5669.508677217086,4751.891705303981,3493.4836209734226,2658.3028191679605,3624.333456787591,6394.065494385424,8109.878763773561,6138.776300658003,8409.995258942472,1090.22188494591,74.69216538198242,8343.761914280913,1.00303552915205,1724933330.9235954,0.0764774665941892,1100039.1578947369,14,10,0.583,5,1
HOU,16.133873407465906,2.701408917278301,6.06752541918962,0.39161317988931815,0.7658475215951432,2.368380871241346,0.2090996418461717,1.154983055400624,1.5555774813845757,0.3288475229846589,0.9371228407406846,2.4174651906200646,3.3545880313607492,1.4491670024205,0.828243972376644,0.5657506112836731,0.36348173811168555,0.41989742285720133,1.359042590429487,1.3072075658732216,7.3236484115523695,1.3452467604468903,15.48235762862545,0.06674562144840908,0.005744838293075176,14.751715665719479,1.0,2988.898121000974,2988.898121000974,2988.898121000974,10252.22507581478,8652.635211489147,9323.302216644575,7656.809284070472,6458.555648265338,8344.142107712889,6439.196212637496,5961.626551207898,6136.204719658019,5791.627311740511,5383.005594680755,7920.879256918606,8120.245101835147,8213.62781758069,6817.266890014124,5299.60425104601,3974.690835388695,2968.1945943927326,4032.497495127557,7045.574584846244,9120.7509712513,6927.1586582530235,9774.366204850166,1186.0549824044806,81.21269682827804,9674.68946887759,1.0,1723091167.177169,0.054854293011813535,1417485.15,17,9,0.654,3,2
LAC,19.843464118831477,3.348843961717762,7.3963741566598635,0.40055835723024047,0.9189481896038132,2.7040683393636145,0.20399666054852233,1.347939748508506,1.7389488516257112,0.3874238116446193,1.0431260545139043,2.823271490554633,3.866397545068537,2.058719435123437,1.3192030255871283,0.7983067658910763,0.401554279490117,0.44321632893359725,1.538187342794449,1.5732049066168785,8.964575861547843,0.14968012946880266,18.972712178871696,0.06654613798307675,0.004331024943278868,18.208363122106018,1.0,3276.4503692392313,3276.4503692392313,3276.4503692392313,7920.757551070197,6964.442434139055,7354.712044271782,7085.8650240528195,5577.857128734231,6991.340710361373,5853.8597698966305,5271.732492843729,5470.079678822487,5019.761247158602,4482.504634716182,6689.829733901894,6702.5233607546315,6614.212723570498,4988.951471802253,4285.240620340523,3419.5727779501544,3136.1154101123147,4388.9363407675755,5959.836979492888,7454.587953222606,6507.985539386433,7801.242780838716,1084.8416975318898,75.45803228366805,7703.194934213709,1.0,1724850017.7039118,0.15135773363327482,1242523.0909090908,14,12,0.538,9,3
LAL,17.019340190943357,2.5701362739785365,5.554917419209698,0.36454241956757755,0.7958962272694303,2.2992663846827726,0.20194742834342272,1.1613631616664346,1.5004733727440225,0.31685486696804827,0.6511236237570998,2.1947274111254136,2.845851034882513,1.6876407130240627,0.8818273153910661,0.5656873405149011,0.3396051451119335,0.27352658675580466,1.2397985531535851,1.333197843198809,7.0975319368929375,-1.9127287886856539,14.878064389777487,0.06484333230988652,0.011334628720622289,14.237504883322613,1.0,3336.7419594998005,3336.7419594998005,3336.7419594998005,9445.2372586334,8497.66705636956,9137.445630157956,7697.787681703042,6205.05645404551,7931.489751072969,6189.435365348145,5779.031865763646,5979.535648033325,5584.696643291752,5649.408300657138,7983.866212867763,8320.168184296994,7635.608298803476,6323.060994982589,4952.526279601088,3849.6171544696113,2137.552909937144,3773.157244372255,6797.959516530641,8900.926350002168,7582.950918549356,9448.09898419455,1136.3954782895482,78.45727590613059,9369.324803787667,1.0011596619415706,1723150142.9121332,0.09782931420000056,1446372.9583333333,13,12,0.52,10,4
MIA,17.85985865136258,2.61770630901897,5.882402777680317,0.3737356784746184,0.942549727916183,2.6668527848065353,0.26233039415328013,1.1355218307047865,1.4805754885098281,0.30922665063041654,0.7240899052817739,2.3205795414774686,3.0446694467592423,1.7881818634272753,0.8434538409081405,0.6190634336041101,0.28347410347500335,0.3030210199821967,1.2484909592199618,1.2623695895982963,7.31348417665891,0.8849163618723419,15.513519078240114,0.03924320082317743,0.002003475223303026,14.893960288919837,1.0,3018.871639064686,3018.871639064686,3018.871639064686,7761.7827187416515,7020.099291400975,7417.657706132489,6653.746626429265,5037.61742624261,6282.571154158508,4994.36298883714,4996.864388330295,5229.519139316895,4801.755179217053,4773.646114865298,6603.61554739721,6877.506868054071,6047.7568362542115,5386.074963672288,4353.650160218982,3434.8417025286226,1984.7987642633316,3515.547222799246,5897.373096201731,7353.731513112075,5730.818564254956,7844.8606721286205,1002.268967079824,69.68912217835897,7738.330168523165,1.0,1726154859.6509604,0.0910409494090503,1444920.8260869565,13,10,0.565,5,2
MIL,15.070988531513615,2.579327988138841,5.449819313480052,0.3547769716939139,0.8788275578040092,2.376150771039063,0.21527172846089898,1.1315602961562485,1.4968379071615887,0.2581910453708683,0.5335151139238231,2.095926811274024,2.6294419251978467,1.6875908160359374,0.8827036444312419,0.4673076700791636,0.32802073909073115,0.2623097267127999,1.2166310944609837,1.2615721430256412,7.16904383023794,0.4612704185418707,14.359041947607704,0.06285038955275327,0.0069725641060977275,13.955560947615522,1.0,3335.309100680763,3335.309100680763,3335.309100680763,10518.821809006591,9223.475621882071,9908.298764631838,8250.579866778731,6498.281143371973,8399.59848095877,6498.496602615619,6276.808655896356,6587.772397700802,6084.1263972340785,6209.287663642576,8848.778116046933,9316.442917917042,8028.931741642062,6809.332097378873,5559.652947748164,4230.053058422768,2031.7251103849158,4104.124101198825,7540.984518954958,9604.74422128966,7482.570154840962,10361.120257890725,1217.2887627015468,82.93084769109284,10216.589487153835,1.0,1721985881.28593,0.08268636878823726,1048486.2727272727,14,11,0.56,6,2
MIN,15.335511613044975,2.541282710165727,5.299092011020319,0.3693607416404307,0.8355890206782689,2.204997998795084,0.22334519613424142,1.0339082888483977,1.359525522600208,0.29869295045596,0.6525585385055104,2.391427202592294,3.0439857410978037,1.5948417009727538,0.9098406786378321,0.5609886331682453,0.3433833541506167,0.2982317838889422,1.1818752129948267,1.2107512698596725,6.95206272985812,1.7138708351015395,14.80038345395337,0.07705791199363615,0.0,14.235223167244673,1.0,2132.578788322859,2132.578788322859,2132.578788322859,9430.767505853017,8087.767041447022,8908.008708902453,7269.960873446318,5887.220173055177,7791.940997416546,5834.781730003333,5628.580164264264,5834.154879367592,5485.493318813094,5449.189229024711,7734.12969606952,8143.699089137277,7065.205235373794,6107.390716020632,4812.43586878756,3694.777215008141,1889.3859521670845,3290.8862584152134,6773.609771820654,8538.29671743581,5858.4883762867885,9067.844194680587,1067.551247793586,75.27169508131989,9004.842525829397,1.0,1725225776.0939136,0.08601551819889461,1344987.1,13,11,0.542,7,3
BKN,19.337972794537375,3.1332098897945917,6.8540651405369575,0.3987838068791796,1.298479807167828,3.3445719062690094,0.2574318413317728,1.1035607048465867,1.4061187527799983,0.30646241744295843,0.708245459926133,2.296619865963103,3.004865325889236,2.0390855456490193,1.03066561428201,0.6076740945390299,0.35815995513282545,0.4545061725837976,1.5772590202531958,1.2711803133736599,8.668460291603598,-1.5363737139801439,17.199763535877768,0.024859627262609766,0.0,16.94255906965339,1.0,4530.312229858225,4530.312229858225,4530.312229858225,8795.334116613196,7755.802463952685,8111.493201875987,7485.824970782563,5484.214509764287,6790.051821605979,5878.161476888717,6002.344548339395,6215.833622978239,5790.226438143829,5401.388503704466,7621.858860586918,7889.868261986361,6757.253843221309,5982.442599106951,4799.131471026349,3832.7041258715617,3446.0933065920863,4829.286463586571,6998.994817074701,8206.831311014223,7669.976107477858,8649.788884266945,1204.7803079939613,80.8707136200599,8477.413253786817,1.0,1722686887.6954186,0.08547942690789274,1564115.8095238095,10,15,0.4,10,3
NYK,17.42585293598652,2.7578612074615476,5.697780271307284,0.35523049334132045,0.890426398730582,2.3317121978387236,0.1975074006963424,1.0912778244841195,1.467098658275809,0.2961179258352457,0.8602027026931612,2.3735505844803706,3.2337532871735317,1.7900506339703788,0.9074896895565433,0.5307733269696564,0.3594576332686111,0.3375294034699308,1.2957004070536777,1.2947157740599968,7.497426638137797,0.8808698398425278,15.826209724859863,0.06507727217913796,0.0040589999865225995,15.192118878488825,1.0,3406.306484120357,3406.306484120357,3406.306484120357,10205.66502645319,9241.522147442245,10037.60344620528,8914.627056439856,6744.787059792142,8891.928265896207,6982.141716669863,6371.093185747101,6509.716739061663,6330.119243223701,5854.1614012688715,8769.969099038874,8984.655816273405,8487.029014735035,6906.67889676654,5601.244349710564,4154.44703115745,2633.4126164887653,4169.069369523639,7412.9134291802975,9682.465886587292,7415.9881320789755,10157.604209286437,1245.1342619909121,84.68455425516416,10070.934439753197,1.0,1721881919.2550478,0.08528077542247466,1436198.4090909092,15,10,0.6,4,2
ORL,16.650702839532592,2.7297109245580904,5.927530160417918,0.36823895945867735,0.7359909508378444,2.2979493075526785,0.21347092580256186,1.2729092202375167,1.6769820523012353,0.30266391545304694,0.79640301460505,2.3206587369865823,3.117061751591632,1.8322347471271345,0.9961372660377222,0.564714532588044,0.4114392339213417,0.30063196568390216,1.4085239457336687,1.4908175471055967,7.4683220201915415,1.6159186767665612,15.889472276282637,0.04014153081333273,0.0008977742994278601,15.105917002766924,1.0,3156.4030868443633,3156.4030868443633,3156.4030868443633,9913.119503461829,8554.380018434373,9284.607931674496,7825.890071340492,6521.8445499090085,8380.10554560395,6431.579008503524,6084.44765127994,6333.811456768652,6069.051035030612,5733.100956274806,8051.899942377988,8402.167101242017,7350.386549734806,6269.732278625524,5271.86812568525,3958.4123818490634,2324.1664682689457,4568.532414063835,7127.919235584452,9077.00186751016,6943.790687164152,9610.17969233956,1225.5939235407984,82.39801692534512,9533.45666413913,1.0,1722554889.22873,0.11435028472955863,1489053.6,17,10,0.63,3,1
IND,17.701250348239018,2.9255812690426133,6.068174779744543,0.42070100549080114,0.8666593432187404,2.358171946862835,0.2323610993434813,1.2957527854141466,1.683646914472383,0.3808067764451183,0.8210898258710783,2.4058447221277186,3.226934547998797,1.8563588969961624,0.9797978442426553,0.6422446207194038,0.3958459985649008,0.39629595360214265,1.709446251379941,1.4633632719155625,8.013574666718114,-0.6941280665284487,16.804908483421173,0.04304508257674819,0.00018596613663333334,16.039708693500422,1.0,3341.529588269805,3341.529588269805,3341.529588269805,7840.778495493033,6561.310143958576,7237.839858625409,5801.013523193732,5165.437430582561,6710.732526936708,5209.233081547021,4734.144324218972,4904.328169280892,4518.776318596011,4506.473894062488,6525.558539725234,6684.233647252891,6170.646659662052,5165.473353546161,4190.405508886171,3229.026426959293,2543.6958908507863,4623.583222420946,5385.743450004143,6941.176338998556,6056.105961086621,7432.267091974928,993.2483836944689,69.78198279627522,7364.387006137764,1.0,1726366159.707028,0.08871894452915818,1429090.238095238,11,15,0.423,8,3
PHI,17.27986611076027,2.736485711570925,6.100039377958277,0.3560887879595503,0.9708551995904432,2.7524715261895825,0.23470484211338874,1.1943236000695923,1.479548806003755,0.3212166769307313,0.6640651869217513,2.1757594811352288,2.8398246680569796,1.610116177575709,0.8107793477197521,0.6236972810147547,0.4025144535150346,0.35843038577533143,1.5391736076975773,1.213814848572895,7.638150222801885,0.0013704952814201565,15.728969946703439,0.04648690001409978,0.0026026858860717485,15.111369737084596,1.0,3555.8743099725834,3555.8743099725834,3555.8743099725834,10488.940043921086,9283.493697030297,9968.67069047323,8744.308311511908,6429.629674708955,8259.33762850712,6435.59681899368,6448.171883528692,6760.734511553616,6129.635757195349,6141.339442081878,8866.989169288381,9252.614678755643,8168.625896681947,7305.055632548129,5242.9129336823935,4007.690860183423,2812.49916044332,4781.757516227111,7778.321464145024,9679.600134830342,7399.058619139033,10146.831758793305,1265.0842728255122,85.27560096840187,10108.32216446615,1.0,1721021033.1583402,0.13865620410968738,1288606.08,7,16,0.304,12,4
PHX,16.124474728856786,2.586860909130895,5.604555285701596,0.37672752522427505,0.8338849975856969,2.4137189172370146,0.20060592427785415,1.232003333290476,1.5816632639629773,0.33283487995371486,0.6654722242676813,2.2750071529357414,2.9404793772034226,1.524060371943657,0.9638742250963349,0.5144635816101705,0.347510040230036,0.31317533831780325,1.2804003478059145,1.3156011466554753,7.239610149137963,-0.5894486254584063,14.676322600121841,0.03311457601397813,0.00013825785014374091,14.261982139551153,1.0,4021.9944722492596,4021.9944722492596,4021.9944722492596,11312.73323508222,9941.843300907836,10707.026716066408,8761.89293296242,7149.1887307810475,9258.028651008508,7222.864317151551,6719.51548138053,6893.547478966736,6438.957676610991,6400.731767778401,9280.42847355206,9618.606815555457,8735.694079219413,7220.333462199411,5852.197731277953,4429.583162922946,2774.7923969062326,4340.55977618325,7883.9533116761895,10415.167053836933,8146.591601969177,11051.973151262295,1335.5071719510313,88.7153215339203,10946.965096890948,1.0,1720968266.7890496,0.08143340901844855,1241731.7727272727,13,11,0.542,8,2
POR,19.488956920944922,3.075227946898371,6.888859333430895,0.39913497363256123,0.8339312387197942,2.541535464938095,0.21201464508831913,1.2310789454193016,1.5958213646835673,0.35130983702484325,1.161283244113848,2.444822949823476,3.6061061939373245,1.7450141896602247,1.2429545744668076,0.7015625269207078,0.5291758188838317,0.5188454945908912,1.6877181708872921,1.4265511704311595,8.215466077935838,-4.217091962558215,17.609575258097777,0.047125322472951904,0.0,16.86199439186226,1.0,5362.375452385449,5362.375452385449,5362.375452385449,8070.721522112409,7519.182877922071,7861.500463004547,7219.190482839125,5766.234732371385,7197.20701941538,5996.231714319496,5513.531680127126,5654.3968881297715,5244.012963300721,4420.327614106574,7107.181393780278,6939.418273119326,6725.799264527921,5194.8668590310535,4402.407907012837,3363.0327526762558,3526.4672587241503,5526.88818728297,6059.630122730811,8005.954072424965,8057.032116159984,8138.136806768545,1122.5391561446584,77.30010191311617,8072.887582360151,1.0,1724217592.3924935,0.06471827934789537,1561200.2,8,17,0.32,13,4
SAC,15.045407885804359,2.3607480354912678,4.978823130470051,0.3245915046858323,0.7587586449937497,2.16391319021473,0.20033193561347512,0.8787181148790548,1.154936604928958,0.24652850498865247,0.6990832983769164,2.047144449349073,2.7462277477259893,1.5916668259807516,0.7604277048673777,0.43950562243878155,0.28190469797750706,0.2570559785695246,1.347583684732948,1.0391596122349331,6.3589728308553415,0.7332000555316408,13.445749623479145,0.06732707325123082,0.008679240145431364,12.89844669038841,1.0000000000000002,3448.113944918756,3448.113944918756,3448.113944918756,11434.133538229604,9942.867081495498,10837.984828376864,8892.456556321024,6936.153251732245,9153.554849373872,6906.178819380643,6813.402343013848,7072.1018789734135,6656.898384005963,6286.226735882313,9360.114806777703,9762.966583872492,8963.375095713596,7557.887891123172,5940.5710258105455,4413.771021807579,1864.3462691288064,4121.966221756021,8210.128794796388,10426.901756321082,7233.910309095625,11210.594432638785,1258.0908925750753,84.93253256009056,11101.35297078605,1.0011660009332082,1721103385.351876,0.11375058780460719,1437198.5,13,13,0.5,12,5
SAS,16.811402976532666,2.80692656540578,6.183046014767101,0.3674155652498997,0.8655071490281978,2.5718849684883978,0.20931843486129947,1.0812305941557676,1.4479122038764478,0.32544284703862353,0.7533214639453153,2.4129202248002857,3.1662416887456004,1.833835103389848,0.9419583676842982,0.49133969439204916,0.43089425765129397,0.33530107005041243,1.2501575122882664,1.2652110462763217,7.560590873995527,-0.8729047695930676,15.93557704402075,0.04573451712017049,0.0028851912408044,15.27064271924586,1.0,4435.378765629024,4435.378765629024,4435.378765629024,9386.325829593676,7864.341097838431,8410.609126277544,7360.260080516628,5945.294053467802,7410.439216595484,6061.103325407069,6022.671698450121,6258.200664505425,5739.74062875447,5546.115013963545,7398.362308882065,7806.182751046746,6751.969902985387,6168.62048135656,5219.122480328746,3967.7495719280873,2756.813214456911,4180.952734610806,7036.507885503152,8426.346579268366,7390.768474455714,8955.63770761342,1198.5136800437836,81.2693847064614,8827.74346028638,1.0191518815304157,1723224748.1527975,0.1709019416210256,1631906.619047619,13,12,0.52,11,4
OKC,15.405453281269386,2.5104703331264338,5.461747503162337,0.37769087745897717,0.8086788025891868,2.343914022576667,0.2263719180768687,0.9576970223938551,1.2300152006711669,0.25685081859841347,0.7274106107163534,2.216590465926228,2.9440010766425817,1.6257979911369367,0.7311148235144049,0.5988477336056063,0.3982635505398526,0.30721055116585916,1.2827596811464652,1.095149870439898,6.787316491235909,2.3785874942960574,15.019033798834386,0.02780400791525392,0.0019135641489933042,14.160016929895532,1.0,2198.3341488848073,2198.3341488848073,2198.3341488848073,9851.97635516647,8620.123344998485,9303.539249017129,7460.625832740461,6164.897803731051,8008.045147779125,6051.736806531898,6106.666300666554,6347.296178305474,5983.872463469893,5272.58760152615,7611.537795189876,7814.149544924977,7610.8982463037055,6655.735216277332,5157.146035192874,3732.9472880992084,2405.211818961549,4257.3664992666845,7177.812182692352,9111.892348203788,6407.135646090625,9449.141917484487,1193.6250037822122,80.01975600540139,9401.831800126754,1.0,1723055202.1787608,0.10136750729351142,1456332.4583333333,20,5,0.8,1,1
TOR,17.864568934674555,2.83578609588237,6.427310530962248,0.37706922587924635,0.8073961741750596,2.4515141193519967,0.20336612442076674,1.1611940787345143,1.4894363734133387,0.3499666034827979,0.9141324919782645,2.4177975696334095,3.3319300616116734,1.9933891778144566,1.0168956974380674,0.6675583759070979,0.3669585347390333,0.5017360332451384,1.5684968832246364,1.2300286734613273,7.640162444674314,-3.3549248737720414,16.715217319830334,0.058527844875019455,0.005582307227834564,15.841911679567767,1.0,6652.775821633183,6652.775821633183,6652.775821633183,11447.263338353552,10136.073435023518,10511.270640985695,9837.705829378741,7613.511183932623,9509.057664433542,7625.764758871292,7007.437272706362,7333.0141403157195,6408.885783162524,6166.732060729705,9308.797572922433,9362.888334255971,8324.11490309318,7560.896139492057,5504.958213253717,4587.062347365825,4808.3789264737925,6259.348911178013,8404.748481377394,10698.235794451622,10449.564250745698,10879.898655794184,1444.623360620089,95.7539890823122,10882.008096294396,1.0,1718848239.0615864,0.16664446460084492,1480453.8214285714,7,19,0.269,14,5
UTA,19.873593630218878,3.0981185233967983,6.781708031737888,0.39917247052714266,0.975409005964592,2.8733476458333476,0.22489744997655625,1.3444217161306657,1.7032143094532717,0.3792917836408077,1.0417679917467146,2.7801432852121883,3.821911276958903,2.0264796181363147,1.2427893965242716,0.5974579755017029,0.43761882366575705,0.5038435586387742,1.4868964004607232,1.434487462551255,8.516067768888854,-3.1941634459842456,18.004521729422116,0.05137762536603145,0.00017472482993959523,17.410021268283582,1.0,5669.356498943396,5669.356498943396,5669.356498943396,9579.427118561585,8361.0419272419,8921.655594004083,7940.6287407647105,6577.487752784459,8091.837705979986,6676.020226754997,6035.106479729835,6308.590490642139,5638.848801618958,5180.323530351736,7588.491868501542,7711.422053779065,7422.241347606662,6112.431937149934,5457.8867943000005,3959.5881258062054,3634.3547756449857,4570.786975005792,7155.953234831118,8883.203383328177,8700.777431446833,9239.157376327166,1264.2350956043222,85.62684864101827,9139.451188286479,1.0,1722297869.9874218,0.054203912628112944,1565376.5714285714,5,19,0.208,14,5
MEM,19.419376900288174,3.0091115415750607,6.840233132559257,0.3889844629549301,0.8698572522971926,2.6591425374151956,0.227641568876133,1.2192895956994394,1.6382689830168657,0.33958737188087157,1.0144014092917013,2.777675071101098,3.792076480392799,2.1412570560692927,1.187101678037841,0.7270624908726512,0.4362233648869663,0.4447863380866863,1.695870079974047,1.465184790532056,8.107369931146753,0.08114138619283251,18.172503180963066,0.054114703352213175,0.00294667652604662,17.23713243142527,1.0,5432.308661942299,5432.308661942299,5432.308661942299,10213.24935869355,9449.944250941995,9494.514139297538,9475.020343246964,7137.839512842107,8633.454757199312,7234.262642663165,6981.530575159738,7054.698870668401,6787.08581605373,5722.955253976016,7961.131873582702,8061.118326464081,8301.752994805189,6582.674923037582,5290.02821415415,4345.420785411509,3965.917301311661,6243.154747393318,7769.1651307495795,10113.58544130129,9309.171572728723,10152.334883185329,1401.3594288331635,93.37602239650514,10101.800055358122,1.0,1720136735.7065403,0.09220501364210934,1538083.6333333333,18,8,0.692,2,1
WAS,19.04469866113054,3.133397879996866,7.07229220796993,0.3947068204999138,1.006286849178025,3.0673044615227263,0.22766065760872378,1.134001642278941,1.5172148819623876,0.35319065905418967,0.8169011081722111,2.414648693862035,3.2315498020342464,2.002179697775023,1.1152231830716612,0.6973901768680433,0.4142423704542268,0.45131678394376157,1.7586929485040885,1.3489741131294546,8.407084251450698,-4.302633949898556,17.507888019449474,0.03549451883475313,9.049483121787619e-05,16.870365695082533,1.0,6088.041801260014,6088.041801260014,6088.041801260014,9480.29544920985,7973.7118944694685,8407.533344872118,7775.578132683216,6038.689293117207,7409.251617234235,6343.290799627162,5998.465973364959,6201.517387534061,5630.467075076217,5426.417233344759,8021.083267094854,8151.3408577871505,7430.833720048591,6079.621784501733,4907.440756036228,3935.524785574167,3318.8441638166723,5738.866566289551,6875.180085301804,8487.37223663921,8394.866355610458,9073.989585159366,1226.386329643476,83.00164217066971,8941.308507490317,1.0207790775202246,1722775081.2531023,0.06888937361507325,1632547.9523809524,3,20,0.13,15,5
DET,16.917799667385776,2.4574786051698103,5.544646600476178,0.35798702376060876,0.7176309840311502,2.2354626082346054,0.19515833347023853,0.9263569012900154,1.2611921328857716,0.30871424681788956,0.7696544269625399,2.205721025979959,2.975375452942499,1.6806239660893891,0.9833514857746309,0.4718337993405666,0.34329530502805256,0.3500881361261033,1.4584141162148778,1.063050865895787,6.5589450956607855,-2.532798446328557,14.112367415657095,0.04517759196098547,0.007314090530964554,13.562833707461063,1.0,7008.121098347286,7008.121098347286,7008.121098347286,11616.166762049026,10623.537295238406,11167.747734339071,9894.60981015527,7661.9179632939695,9468.317940922541,7700.913201448938,7454.316083612273,7728.766747332014,7013.966365792018,6970.3143518296565,9721.854821158448,10163.945726051183,9431.383839139397,7771.054920427618,6342.657690575376,4861.755999679082,3350.156794510891,5875.6240457565,8852.273078687198,11207.970445776562,10134.349445075104,11920.841552065473,1481.2150935128177,97.25210959448944,11777.171487546204,1.0011999507475016,1717872870.1907501,0.10272174243644722,1467436.4615384615,10,16,0.385,11,5
CHA,18.00539605330159,2.861576086905362,6.55498594886409,0.3900601107414636,1.024570731082035,2.9739914792394675,0.22129440417498006,1.1483751093788204,1.424026662399994,0.3434235787796061,0.8137852593497383,2.41600109197414,3.2297863513238787,1.8302400154728542,1.0434247453457084,0.5307957156750424,0.3907952577578789,0.3655824056763646,1.4819298673482466,1.316780877994989,7.89609801427158,-2.9940263119383146,16.23854983402257,0.04027801513168396,8.807276199662917e-05,15.823877059016189,1.0,6932.75815192414,6932.75815192414,6932.75815192414,11640.824006025736,10512.304938146108,11192.884361494782,9448.411129242219,7471.6884513278865,9624.093898294837,7630.377685593423,7292.362509247939,7638.383722632003,6843.02335406488,6760.7607205971535,9604.087723423423,9932.70446466295,9221.124831806643,7793.746044817261,6280.482076003441,4614.899836578149,2793.88268380848,5342.886724905837,8623.829001565658,11046.59997312619,9946.40849867808,11634.258578035513,1462.84190599631,96.29782834753341,11513.612836565917,1.0,1719020887.9243546,0.0632250417315355,1395679.3333333333,7,18,0.28,13,4
